<?xml version="1.0"?>
<!DOCTYPE metadata SYSTEM "http://www.fgdc.gov/metadata/fgdc-std-001-1998.dtd">
<metadata>
	<idinfo>
		<citation>
			<citeinfo>
				<origin>Valerie Paskevich</origin>
				<pubdate>200508</pubdate>
				<title>srtm30plus-world_pctshade.tif - SRTM30PLUS color encoded shaded relief world topography (approximately 4km) GeoTIFF image</title>
				<edition>1.0</edition>
				<geoform>remote-sensing image</geoform>
				<serinfo>
					<sername>Open-File Report</sername>
					<issue>2005-1001</issue>
				</serinfo>
				<pubinfo>
					<pubplace>Woods Hole Science Center, Woods Hole, MA</pubplace>
					<publish>U.S. Geological Survey, Coastal and Marine Geology Program</publish>
				</pubinfo>
				<onlink>http://pubs.usgs.gov/of/2005/1001/data/basemaps/srtm30plus/srtm30plus-world_pctshade.zip</onlink>
				<onlink>http://pubs.usgs.gov/of/2005/1001/htmldocs/datacatalog.htm</onlink>
				<lworkcit>
					<citeinfo>
						<origin>L.J. Poppe</origin>
						<origin>S.J. Williams</origin>
						<origin>V.F. Paskevich</origin>
						<pubdate>2005</pubdate>
						<title>U.S. Geological Survey East-Coast Sediment Analysis: Procedures, Database, and GIS Data</title>
						<edition>1.0</edition>
						<serinfo>
							<sername>Open-File Report</sername>
							<issue>2005-1001</issue>
						</serinfo>
						<pubinfo>
							<pubplace>Woods Hole Science Center, Woods Hole, MA</pubplace>
							<publish>U.S. Geological Survey, Coastal and Marine Geology Program</publish>
						</pubinfo>
						<othercit>Publication and data are released via DVD-ROM media. This digital publication may also be available via the web at pubs.usgs.gov</othercit>
						<onlink>http://pubs.usgs.gov/of/2005/1001/</onlink>
					</citeinfo>
				</lworkcit>
				<ftname Sync="TRUE">srtm30plus-world_pctshade.tif</ftname></citeinfo>
		</citation>
		<descript>
			<abstract>Joseph J. Becker and David T. Sandwell at the Scripps Oceanographic Institute have generated a dataset of world-wide coverage combining NASA's Shuttle Radar Topography Mission (SRTM) obtained elevation data and Smith and Sandwell global 2-minute bathymetry.  This data set provides a global composite of elevation that can be utilized to create elevation/bathymetry visualization. 

The Shuttle Radar Topography Mission is a collaborative project between NASA, the National Imagery and Mapping Agency (NIMA), and the German and Italian space agencies to map the elevation of a large part of the globe. SRTM consisted of a specially modified radar system that flew onboard the Space Shuttle Endeavour during an 11-day mission in February of 2000. The instrument operated virtually flawlessly and imaged 99.96% of the targeted landmass at least one time, 94.59% at least twice and about 50% at least three or more times. The goal was to image each terrain segment at least twice from different angles (on ascending, or north-going, and descending orbit passes) to fill in areas shadowed from the radar beam by terrain. The 'targeted landmass' consisted of all land between 56 degrees south and 60 degrees north latitude, which comprises almost exactly 80% of the total landmass. 

While SRTM30 has the same resolution as GTOPO30, it can be considered a more accurate global digital data set compared to GTOPO30 because of its seamless and uniform representation, due to the fact that it was created over a short period of time from a single source rather than from the numerous sources spanning many decades that went into creating the GTOPO30 data set. 

This data set does not provide the high resolution SRTM elevation of the original one degree datasets. Sample spacing for the original individual data points is either 1 arc-second or 3 arc-seconds, referred to as SRTM-1 and SRTM-3, respectively. The user may visit ftp://e0mss21u.ecs.nasa.gov/srtm/ or ftp://e0mss21u.ecs.nasa.gov/srtm/ to obtain the higher resolution datasets.</abstract>
			<purpose>This image provides a broad scale view of the world topography (elevation and bathymetry) on which other Geographic Information System (GIS) data layers may be co-located and viewed. 

These data are intended for science researchers, students, policy makers, and the general public. The data can be used with geographic information systems (GIS) software to display geologic and oceanographic information.</purpose>
			<supplinf>While SRTM30 has the same resolution as GTOPO30, it can be considered a more accurate global digital data set compared to GTOPO30 because of its seamless and uniform representation, due to the fact that it was created over a short period of time from a single source rather than from the numerous sources spanning many decades that went into creating the GTOPO30 data set. However, it must be noted that the SRTM30 does not cover the poles north and south of approximately 60° latitude. Therefore, data for Antarctica, for example, must be obtained from the GTOPO30 data set.</supplinf>
			<langdata Sync="TRUE">en</langdata></descript>
		<timeperd>
			<timeinfo>
				<sngdate>
					<caldate>2005</caldate>
				</sngdate>
			</timeinfo>
			<current>publication date</current>
		</timeperd>
		<status>
			<progress>Complete</progress>
			<update>None planned</update>
		</status>
		<spdom>
			<bounding>
				<westbc>
-180</westbc>
				<eastbc>
180</eastbc>
				<northbc>
90</northbc>
				<southbc>
-90</southbc>
			</bounding>
			<lboundng><leftbc Sync="TRUE">-179.983333</leftbc><rightbc Sync="TRUE">180.016667</rightbc><bottombc Sync="TRUE">-90.016667</bottombc><topbc Sync="TRUE">89.983333</topbc></lboundng></spdom>
		<keywords>
			<theme>
				<themekt>General</themekt>
				<themekey>U.S. Geological Survey</themekey>
				<themekey>USGS</themekey>
				<themekey>Coastal and Marine Geology Program</themekey>
				<themekey>CMGP</themekey>
				<themekey>Woods Hole Science Center</themekey>
				<themekey>WHSC</themekey>
				<themekey>GeoTIFF image</themekey>
				<themekey>color-encoded shaded relief</themekey>
				<themekey>bathymetry</themekey>
				<themekey>topography</themekey>
				<themekey>SRTM30_PLUS</themekey>
				<themekey>Shuttle Radar Topography Mission</themekey>
			</theme>
			<theme>
				<themekt>ISO 19115 Topic Category</themekt>
				<themekey>oceans and estuaries</themekey>
				<themekey>elevation</themekey>
				<themekey>imageryBaseMapsEarthCover</themekey>
			</theme>
			<place>
				<placekt>General</placekt>
				<placekey>world</placekey>
			</place>
		</keywords>
		<accconst>None</accconst>
		<useconst>Bathymetry is not to be used for navigational purposes. 

Public domain data from the U.S. Government are freely redistributable with proper metadata and source attribution. Please recognize the U.S. Geological Survey (USGS) as the source of this information. 

All source data are derived from public domain sources and these data are also in the public domain.</useconst>
		<ptcontac>
			<cntinfo>
				<cntperp>
					<cntper>Valerie Paskevich</cntper>
					<cntorg>U.S. Geological Survey</cntorg>
				</cntperp>
				<cntpos>Information Specialist, GIS Coordinator</cntpos>
				<cntaddr>
					<addrtype>mailing and physical address</addrtype>
					<address>384 Woods Hole Road</address>
					<city>Woods Hole</city>
					<state>MA</state>
					<postal>02543-1598</postal>
					<country>USA</country>
				</cntaddr>
				<cntvoice>(508) 548-8700 x2281</cntvoice>
				<cntfax>(508) 457-2310</cntfax>
				<cntemail>vpaskevich@usgs.gov</cntemail>
			</cntinfo>
		</ptcontac>
		<browse>
			<browsen>http://pubs.usgs.gov/of/2005/1001/data/basemaps/srtm30plus/srtm30plus-world_pctshade-thumb.gif</browsen>
			<browsed>Thumbnail image showing overview and extent of data layer.</browsed>
			<browset>GIF</browset>
		</browse>
		<datacred>Please credit Joseph J. Becker, David T. Sandwell for the compilation of the Land and Ocean data used as the source.</datacred>
		<native>Microsoft Windows XP Version 5.1 (Build 2600) Service Pack 2; ESRI ArcCatalog 9.0.0.535</native>
		<natvform Sync="TRUE">Raster Dataset</natvform><browse><browsen>http://pubs.usgs.gov/of/2005/1001/data/basemaps/srtm30plus/srtm30plus-world_pctshade.gif</browsen><browset>GIF</browset><browsed>Image showing extent and coverage of data layer.</browsed></browse></idinfo>
	<dataqual>
		<attracc>
			<attraccr>Elevation Data - Each SRTM data tile contains a mosaic of elevations generated by averaging all data takes that fall within that tile. Since the primary error source in synthetic aperture radar data is speckle, which has the characteristics of random noise, combining data through averaging reduces the error by the square root of the number of data takes used. In the case of SRTM the number of data takes could range from a minimum of one (in a very few cases) up to as many as ten or more.</attraccr>
		</attracc>
		<complete>Land data are based on the 1-km averages of topography derived from the USGS SRTM30 grided DEM data product created with data from the NASA Shuttle Radar Topography Mission. GTOPO30 data are used for high latitudes where SRTM data are not available. Ocean data are based on the Smith and Sandwell global 2-minute grid between latitudes +/- 72 degrees. Higher resolution grids have been added from the LDEO Ridge Multibeam Synthesis Project and the NGDC Coastal Relief Model. Arctic bathymetry is from the International Bathymetric Chart of the Oceans (IBCAO) [Jakobsson et al., 2003].</complete>
		<posacc>
			<horizpa>
				<qhorizpa>
					<horizpav>20 meters</horizpav>
					<horizpae>circular error at 90% confidence</horizpae>
				</qhorizpa>
			</horizpa>
			<vertacc>
				<qvertpa>
					<vertaccv>16 meters</vertaccv>
					<vertacce>linear error at 90% confidence</vertacce>
				</qvertpa>
			</vertacc>
		</posacc>
		<lineage>
			<srcinfo>
				<srccite>
					<citeinfo>
						<origin>Joseph J. Becker</origin>
						<origin>David T. Sandwell</origin>
						<pubdate>200412</pubdate>
						<title>SRTM30_PLUS: SRTM30, Coastal and Ridge Multibeam, Estimated Topography</title>
						<edition>0.1</edition>
						<geoform>document</geoform>
						<pubinfo>
							<pubplace>La Jolla, CA</pubplace>
							<publish>Scripps Institution of Oceanography, University of California San Diego</publish>
						</pubinfo>
						<onlink>http://topex.ucsd.edu/WWW_html/srtm30_plus.html</onlink>
					</citeinfo>
				</srccite>
				<srcscale>1:1000</srcscale>
				<typesrc>disc</typesrc>
				<srctime>
					<timeinfo>
						<sngdate>
							<caldate>200412</caldate>
						</sngdate>
					</timeinfo>
					<srccurr>publication date</srccurr>
				</srctime>
				<srccitea>srtm30plus</srccitea>
				<srccontr>This data consists of 33 files binary of global topography (elevation &amp; bathymetry; 16-bit signed values). The individual files were downloaded via the web and combined to create a single raster coverage of world coverage. The grid resolution of the source data is 30 second which is roughly one kilometer.</srccontr>
			</srcinfo>
			<procstep>
				<procdesc>Thirty-three zip archive files of global topography were downloaded. The files were unzipped to create raw 16-bit binary data files. Each of the thirty-three files were imported into a separate PCI Geomatics database file. Importing the files into PCI allowed the ability to swap the bytes from a 16-bit Most-Significant-Bit order (MSB: Sun/Motorola) to a 16-bit Least-Significant-Bit order (LSB: Intel/VAX). Georeferencing information were added to each of the thirty-three files.</procdesc>
				<procdate>20050502</procdate>
				<proccont>
					<cntinfo>
						<cntperp>
							<cntper>Valerie Paskevich</cntper>
							<cntorg>U.S. Geological Survey</cntorg>
						</cntperp>
						<cntpos>Information Specialist, GIS Coordinator</cntpos>
						<cntaddr>
							<addrtype>mailing and physical address</addrtype>
							<address>384 Woods Hole Road</address>
							<city>Woods Hole</city>
							<state>MA</state>
							<postal>02543-1598</postal>
							<country>USA</country>
						</cntaddr>
						<cntvoice>(508) 548-8700 x2281</cntvoice>
						<cntfax>(508) 457-2310</cntfax>
						<cntemail>vpaskevich@usgs.gov</cntemail>
					</cntinfo>
				</proccont>
			</procstep>
			<procstep>
				<procdesc>A new PCI Geomatics database file was defined to combine the global dataset. The individual thirty-three files were mosaiced to create on world view.</procdesc>
				<procdate>20050502</procdate>
				<srcprod>srtm30plus.pix</srcprod>
				<proccont>
					<cntinfo>
						<cntperp>
							<cntper>Valerie Paskevich</cntper>
							<cntorg>U.S. Geological Survey</cntorg>
						</cntperp>
						<cntpos>Information Specialist, GIS Coordinator</cntpos>
						<cntaddr>
							<addrtype>mailing and physical address</addrtype>
							<address>384 Woods Hole Road</address>
							<city>Woods Hole</city>
							<state>MA</state>
							<postal>02543-1598</postal>
							<country>USA</country>
						</cntaddr>
						<cntvoice>(508) 548-8700 x2281</cntvoice>
						<cntfax>(508) 457-2310</cntfax>
						<cntemail>vpaskevich@usgs.gov</cntemail>
					</cntinfo>
				</proccont>
			</procstep>
			<procstep>
				<procdesc>The original composite image was sub-sampled to reduce the image size and resolution.  The original, full bounds of the image were retained but the image pixel size was reduced from .008333 (approx 1km) to .033333 (approx 4km).  Bi-Linear sampling was applied to smooth possible artifacts in the data.</procdesc>
				<srcused>srtm30plus.pix</srcused>
				<procdate>20050508</procdate>
				<srcprod>srtm30plus-4km.pix</srcprod>
				<proccont>
					<cntinfo>
						<cntperp>
							<cntper>Valerie Paskevich</cntper>
							<cntorg>U.S. Geological Survey</cntorg>
						</cntperp>
						<cntpos>Information Specialist, GIS Coordinator</cntpos>
						<cntaddr>
							<addrtype>mailing and physical address</addrtype>
							<address>384 Woods Hole Road</address>
							<city>Woods Hole</city>
							<state>MA</state>
							<postal>02543-1598</postal>
							<country>USA</country>
						</cntaddr>
						<cntvoice>(508) 548-8700 x2281</cntvoice>
						<cntfax>(508) 457-2310</cntfax>
						<cntemail>vpaskevich@usgs.gov</cntemail>
					</cntinfo>
				</proccont>
			</procstep>
			<procstep>
				<procdesc>Two additional 8-bit channel were added to the PCI database and the program REL was run to create an 8-bit shaded relief image.</procdesc>
				<srcused>srtm30plus-4km.pix</srcused>
				<procdate>20050508</procdate>
				<srcprod>srtm30plus-4km.pix</srcprod>
				<proccont>
					<cntinfo>
						<cntperp>
							<cntper>Valerie Paskevich</cntper>
							<cntorg>U.S. Geological Survey</cntorg>
						</cntperp>
						<cntpos>Information Specialist, GIS Coordinator</cntpos>
						<cntaddr>
							<addrtype>mailing and physical address</addrtype>
							<address>384 Woods Hole Road</address>
							<city>Woods Hole</city>
							<state>MA</state>
							<postal>02543-1598</postal>
							<country>USA</country>
						</cntaddr>
						<cntvoice>(508) 548-8700 x2281</cntvoice>
						<cntfax>(508) 457-2310</cntfax>
						<cntemail>vpaskevich@usgs.gov</cntemail>
					</cntinfo>
				</proccont>
			</procstep>
			<procstep>
				<procdesc>The shaded relief image was viewed in PCI Imageworks.  A linear stretch enhancement was applied to the image and the resulting Look-up Table (LUT) saved in the database.</procdesc>
				<srcused>srtm30plus-4km.pix</srcused>
				<procdate>20050508</procdate>
				<srcprod>srtm30plus-4km.pix</srcprod>
				<proccont>
					<cntinfo>
						<cntperp>
							<cntper>Valerie Paskevich</cntper>
							<cntorg>U.S. Geological Survey</cntorg>
						</cntperp>
						<cntpos>Information Specialist, GIS Coordinator</cntpos>
						<cntaddr>
							<addrtype>mailing and physical address</addrtype>
							<address>384 Woods Hole Road</address>
							<city>Woods Hole</city>
							<state>MA</state>
							<postal>02543-1598</postal>
							<country>USA</country>
						</cntaddr>
						<cntvoice>(508) 548-8700 x2281</cntvoice>
						<cntfax>(508) 457-2310</cntfax>
						<cntemail>vpaskevich@usgs.gov</cntemail>
					</cntinfo>
				</proccont>
			</procstep>
			<procstep>
				<procdesc>The 8-bit shaded relief image had a linear stretch permanently applied to create a new, final image.</procdesc>
				<srcused>srtm30plus-4km.pix</srcused>
				<procdate>20050508</procdate>
				<srcprod>srtm30plus-4km.pix</srcprod>
				<proccont>
					<cntinfo>
						<cntperp>
							<cntper>Valerie Paskevich</cntper>
							<cntorg>U.S. Geological Survey</cntorg>
						</cntperp>
						<cntpos>Information Specialist, GIS Coordinator</cntpos>
						<cntaddr>
							<addrtype>mailing and physical address</addrtype>
							<address>384 Woods Hole Road</address>
							<city>Woods Hole</city>
							<state>MA</state>
							<postal>02543-1598</postal>
							<country>USA</country>
						</cntaddr>
						<cntvoice>(508) 548-8700 x2281</cntvoice>
						<cntfax>(508) 457-2310</cntfax>
						<cntemail>vpaskevich@usgs.gov</cntemail>
					</cntinfo>
				</proccont>
			</procstep>
			<procstep>
				<procdesc>The final 8-bit grey-scale, shaded relief image was exported to a GeoTIFF image</procdesc>
				<srcused>srtm30plus-4km.pix</srcused>
				<procdate>20050508</procdate>
				<srcprod>srtm30plus-4km_shade.tif</srcprod>
				<srcprod>srtm30plus-4km_shade.tfw</srcprod>
				<proccont>
					<cntinfo>
						<cntperp>
							<cntper>Valerie Paskevich</cntper>
							<cntorg>U.S. Geological Survey</cntorg>
						</cntperp>
						<cntpos>Information Specialist, GIS Coordinator</cntpos>
						<cntaddr>
							<addrtype>mailing and physical address</addrtype>
							<address>384 Woods Hole Road</address>
							<city>Woods Hole</city>
							<state>MA</state>
							<postal>02543-1598</postal>
							<country>USA</country>
						</cntaddr>
						<cntvoice>(508) 548-8700 x2281</cntvoice>
						<cntfax>(508) 457-2310</cntfax>
						<cntemail>vpaskevich@usgs.gov</cntemail>
					</cntinfo>
				</proccont>
			</procstep>
			<procstep>
				<procdesc>The two source images were brought into Corel PhotoPaint.  The color-encoded elevation image (strm30plus-4km_color.tif) was overlaid on top of the shaded relief image (srtm30plus-4km_shade.tif).  The color image was made 60% transparent to allow shading to be seen through the image.  The two images were combined to create a single 24-bit image showing elevation based on color.</procdesc>
				<srcused>srtm30plus-4km_shade.tif</srcused>
				<srcused>srtm30plus-4km_color.tif</srcused>
				<procdate>20050509</procdate>
				<srcprod>srtm30plus-world_pctshade.tif</srcprod>
				<srcprod>srtm30plus-world_pctshade.tfw</srcprod>
				<proccont>
					<cntinfo>
						<cntperp>
							<cntper>Valerie Paskevich</cntper>
							<cntorg>U.S. Geological Survey</cntorg>
						</cntperp>
						<cntpos>Information Specialist, GIS Coordinator</cntpos>
						<cntaddr>
							<addrtype>mailing and physical address</addrtype>
							<address>384 Woods Hole Road</address>
							<city>Woods Hole</city>
							<state>MA</state>
							<postal>02543-1598</postal>
							<country>USA</country>
						</cntaddr>
						<cntvoice>(508) 548-8700 x2281</cntvoice>
						<cntfax>(508) 457-2310</cntfax>
						<cntemail>vpaskevich@usgs.gov</cntemail>
					</cntinfo>
				</proccont>
			</procstep>
		</lineage>
	</dataqual>
	<spdoinfo>
		<direct>Raster</direct>
		<rastinfo>
			<rasttype>Pixel</rasttype>
			<rowcount>10804</rowcount>
			<colcount>18001</colcount>
			<vrtcount>1</vrtcount>
			<rastxsz Sync="TRUE">0.033333</rastxsz><rastysz Sync="TRUE">0.033333</rastysz><rastbpp Sync="TRUE">8</rastbpp><rastorig Sync="TRUE">Upper Left</rastorig><rastcmap Sync="TRUE">FALSE</rastcmap><rastcomp Sync="TRUE">None</rastcomp><rastband Sync="TRUE">3</rastband><rastdtyp Sync="TRUE">pixel codes</rastdtyp><rastplyr Sync="TRUE">FALSE</rastplyr><rastifor Sync="TRUE">TIFF</rastifor></rastinfo>
	</spdoinfo>
	<spref>
		<horizsys>
			<geograph>
				<latres>0.033333</latres>
				<longres>0.033333</longres>
				<geogunit>Decimal degrees</geogunit>
			</geograph>
			<geodetic>
				<horizdn>D_WGS_1984</horizdn>
				<ellips>WGS_1984</ellips>
				<semiaxis>6378137.000000</semiaxis>
				<denflat>298.257224</denflat>
			</geodetic>
			<planar><planci><plance Sync="TRUE">row and column</plance><coordrep><absres Sync="TRUE">0.033333</absres><ordres Sync="TRUE">0.033333</ordres></coordrep></planci></planar></horizsys>
	</spref>
	<eainfo>
		<overview>
			<eaover>There are no attributes associated with the GEOTIFF image.</eaover>
		</overview>
	</eainfo>
	<distinfo>
		<distrib>
			<cntinfo>
				<cntorgp>
					<cntorg>U.S. Geological Survey</cntorg>
				</cntorgp>
				<cntaddr>
					<addrtype>mailing and physical address</addrtype>
					<address>384 Woods Hole Road</address>
					<city>Woods Hole</city>
					<state>MA</state>
					<postal>02543-1598</postal>
					<country>USA</country>
				</cntaddr>
				<cntvoice>(508) 548-8700</cntvoice>
				<cntfax>(508) 457-2310</cntfax>
			</cntinfo>
		</distrib>
		<resdesc>Downloadable Data</resdesc>
		<distliab>Although this data set has been used by the U.S. Geological Survey (USGS), no warranty, expressed or implied, is made by the USGS as to the accuracy of the data and/or related materials. The act of distribution shall not constitute any such warranty, and no responsibility is assumed by the USGS in the use of these data or related materials. Trade, firm, or product names and other references to non-USGS products and services are provided for information only and do not constitute endorsement or warranty, express or implied, by the USGS, USDOI, or U.S. Government, as to their suitability, content, usefulness, functioning, completeness, or accuracy.</distliab>
		<stdorder>
			<digform>
				<digtinfo>
					<formname>TIFF</formname>
					<formspec>GeoTIFF image</formspec>
					<formcont>Archive containing GeoTIFF image, world file and metadata.</formcont>
					<filedec>zip</filedec>
					<transize>0.000</transize>
					<dssize Sync="TRUE">166.897</dssize></digtinfo>
				<digtopt>
					<onlinopt>
						<computer>
							<networka>
								<networkr>http://pubs.usgs.gov/of/2005/1001/data/basemaps/srtm30plus/srtm30plus-world_pctshade.zip</networkr>
							</networka>
						</computer>
						<accinstr>Data are downloadable via the World Wide Web (WWW).</accinstr>
					</onlinopt>
					<offoptn>
						<offmedia>DVD-ROM</offmedia>
						<reccap>
							<recden>4.75</recden>
							<recdenu>Gbytes</recdenu>
						</reccap>
						<recfmt>UDF</recfmt>
					</offoptn>
				</digtopt>
			</digform>
			<fees>None</fees>
		</stdorder>
		<techpreq>This image is available as a GEOTIFF image with an accompanying world file. To utilize this data, the user must have an image viewer, image processing or GIS software package capable of importing a GeoTIFF image.</techpreq>
	</distinfo>
	<metainfo>
		<metd>20050511</metd>
		<metc>
			<cntinfo>
				<cntperp>
					<cntper>Valerie Paskevich</cntper>
					<cntorg>U.S. Geological Survey</cntorg>
				</cntperp>
				<cntpos>Information Specialist, GIS Coordinator</cntpos>
				<cntaddr>
					<addrtype>mailing and physical address</addrtype>
					<address>384 Woods Hole Road</address>
					<city>Woods Hole</city>
					<state>MA</state>
					<postal>02543-1598</postal>
					<country>USA</country>
				</cntaddr>
				<cntvoice>(508) 548-8700 x2281</cntvoice>
				<cntfax>(508) 457-2310</cntfax>
				<cntemail>vpaskevich@usgs.gov</cntemail>
			</cntinfo>
		</metc>
		<metstdn>FGDC Content Standards for Digital Geospatial Metadata</metstdn>
		<metstdv>FGDC-STD-001-1998</metstdv>
		<mettc>local time</mettc>
		<metac>None</metac>
		<metuc>None</metuc>
		<langmeta Sync="TRUE">en</langmeta><metextns><onlink Sync="TRUE">http://www.esri.com/metadata/esriprof80.html</onlink><metprof Sync="TRUE">ESRI Metadata Profile</metprof></metextns></metainfo>
	<dataIdInfo><envirDesc Sync="TRUE">Microsoft Windows XP Version 5.1 (Build 2600) Service Pack 2; ESRI ArcCatalog 9.0.0.535</envirDesc><dataLang><languageCode Sync="TRUE" value="en"></languageCode></dataLang><idCitation><resTitle Sync="TRUE">srtm30plus-world_pctshade.tif</resTitle><presForm><PresFormCd Sync="TRUE" value="005"></PresFormCd></presForm></idCitation><spatRpType><SpatRepTypCd Sync="TRUE" value="002"></SpatRepTypCd></spatRpType><dataExt><geoEle><GeoBndBox esriExtentType="native"><westBL Sync="TRUE">-179.983333</westBL><eastBL Sync="TRUE">180.016667</eastBL><northBL Sync="TRUE">89.983333</northBL><southBL Sync="TRUE">-90.016667</southBL><exTypeCode Sync="TRUE">1</exTypeCode></GeoBndBox></geoEle></dataExt></dataIdInfo><mdLang><languageCode Sync="TRUE" value="en"></languageCode></mdLang><mdStanName Sync="TRUE">ISO 19115 Geographic Information - Metadata</mdStanName><mdStanVer Sync="TRUE">DIS_ESRI1.0</mdStanVer><mdChar><CharSetCd Sync="TRUE" value="004"></CharSetCd></mdChar><mdHrLv><ScopeCd Sync="TRUE" value="005"></ScopeCd></mdHrLv><mdHrLvName Sync="TRUE">dataset</mdHrLvName><distInfo><distributor><distorTran><onLineSrc><orDesc Sync="TRUE">002</orDesc><linkage Sync="TRUE">file://\\VALPASDTXP\D$\My Webs\texture\data\basemaps\srtm30plus\srtm30plus-world_pctshade.tif</linkage><protocol Sync="TRUE">Local Area Network</protocol></onLineSrc><transSize Sync="TRUE">166.897</transSize></distorTran><distorFormat><formatName Sync="TRUE">Raster Dataset</formatName></distorFormat></distributor></distInfo><spatRepInfo><GridSpatRep><numDims Sync="TRUE">2</numDims><cellGeo><CellGeoCd Sync="TRUE" value="002"></CellGeoCd></cellGeo><tranParaAv Sync="TRUE">1</tranParaAv><axDimProps><Dimen><dimName><DimNameTypCd Sync="TRUE" value="002"></DimNameTypCd></dimName><dimSize Sync="TRUE">10800</dimSize><dimResol><value Sync="TRUE">0.033333</value><uom><UomLength><uomName Sync="TRUE">unknown</uomName></UomLength></uom></dimResol></Dimen><Dimen><dimName><DimNameTypCd Sync="TRUE" value="001"></DimNameTypCd></dimName><dimSize Sync="TRUE">5400</dimSize><dimResol><value Sync="TRUE">0.033333</value><uom><UomLength><uomName Sync="TRUE">unknown</uomName></UomLength></uom></dimResol></Dimen></axDimProps></GridSpatRep></spatRepInfo><Esri><SyncDate>20050824</SyncDate><SyncTime>07313700</SyncTime><ModDate>20050824</ModDate><ModTime>07313700</ModTime></Esri><mdDateSt Sync="TRUE">20050824</mdDateSt></metadata>
