<?xml version="1.0"?>
<!--<!DOCTYPE metadata SYSTEM "http://www.esri.com/metadata/esriprof80.dtd">-->
<metadata xml:lang="en"><Esri><CreaDate>20050401</CreaDate><CreaTime>12455900</CreaTime><SyncOnce>FALSE</SyncOnce><SyncDate>20050401</SyncDate><SyncTime>13054900</SyncTime><ModDate>20050401</ModDate><ModTime>13060800</ModTime><MetaID>{E4666939-33BA-49C0-8784-0C7D1A668F76}</MetaID></Esri><idinfo><native Sync="TRUE">Microsoft Windows 2000 Version 5.1 (Build 2600) Service Pack 2; ESRI ArcCatalog 8.3.0.800</native><descript><langdata Sync="TRUE">en</langdata><abstract>The National Geophysical Data Center assembled a gridded database referred to as the Coastal Relief Model (CRM).  NGDC created the comprehensive data set by merging the U.S. Geological Survey 3-arc-second DEMs with a compilation of hydrographic soundings covering the US East Coast.  The Coastal Relief Model extends from the coastal state boundaries to as far offshore as the data will support a continuous view of the seafloor.  This dataset formed the basis for the creating of the CRM bathymetry image for this product's GIS.</abstract><purpose>This image provides a color view of the CRM for the project area and is used as a basemap for overlaying usSEABED data.</purpose></descript><citation><citeinfo><origin>U.S. Geological Survey</origin><pubdate>2003</pubdate><title>Coastal Relief Model Bathymetry image for the Atlantic</title><ftname Sync="TRUE">atl_grd8bit.sid</ftname><geoform Sync="TRUE">remote-sensing image</geoform><onlink>http://pubs.usgs.gov/dds/dds118/</onlink><lworkcit><citeinfo><origin>J.M. Reid</origin><pubdate>2005</pubdate><title>usSEABED: Atlantic Coast Offshore Surficial Sediment Data Release</title><pubinfo><pubplace>Woods Hole Science Center, Woods Hole, MA</pubplace><publish>U.S. Geological Survey, Coastal and Marine Geology Program</publish></pubinfo><origin>J.A. Reid</origin><origin>C.J. Jenkins</origin><origin>M.E. Hastings</origin><serinfo><sername>Data Series</sername><issue>118</issue></serinfo><origin>S.J. Williams</origin><origin>L.J. Poppe</origin></citeinfo></lworkcit><origin>Jamey Reid</origin></citeinfo></citation><timeperd><current>publication date</current><timeinfo><sngdate><caldate>2001</caldate></sngdate></timeinfo></timeperd><status><progress>Complete</progress><update>None planned</update></status><spdom><bounding><westbc Sync="TRUE">-96.526090</westbc><eastbc Sync="TRUE">-84.223639</eastbc><northbc Sync="TRUE">30.907927</northbc><southbc Sync="TRUE">24.962118</southbc></bounding><lboundng><leftbc Sync="TRUE">-82.000000</leftbc><rightbc Sync="TRUE">-64.998280</rightbc><bottombc Sync="TRUE">24.000000</bottombc><topbc Sync="TRUE">48.001940</topbc></lboundng></spdom><keywords><theme><themekt>General</themekt><themekey>U.S. Geological Survey</themekey><themekey>USGS</themekey><themekey>Coastal and Marine Geology Program</themekey><themekey>CMGP</themekey><themekey>National Geophysical Data Center</themekey><themekey>Coastal Relief Model</themekey><themekey>Geographic Information System</themekey><themekey>GIS</themekey><themekey>Mr Sid Image</themekey><themekey>CRM</themekey><themekey>bathymetry</themekey><themekey>Marine Aggregate Resources and Processes</themekey><themekey>Woods Hole Science Center</themekey></theme><place><placekey>United States East Coast</placekey><placekey>U.S. East Coast</placekey><placekey>U.S. east</placekey><placekt>General</placekt><placekey>United States</placekey><placekey>North America</placekey></place></keywords><accconst>None</accconst><useconst>Bathymetry is not to be used for navigation purposes</useconst><natvform Sync="TRUE">Raster Dataset</natvform><ptcontac><cntinfo><cntaddr><address>Woods Hole Field Center</address><addrtype>mailing and physical address</addrtype><address>384 Woods Hole Road</address><city>Woods Hole</city><state>MA</state><postal>02543-1598</postal><country>USA</country></cntaddr><cntperp><cntper>Jamey M. Reid</cntper><cntorg>U.S. Geological Survey</cntorg></cntperp><cntpos>IT Specialist (Data Management)</cntpos><cntvoice>508-548-8700 x2204</cntvoice><cntfax>508-457-2310</cntfax><cntemail>jreid@usgs.gov</cntemail></cntinfo></ptcontac><crossref><citeinfo><origin>National Oceanic and Atmospheric Administration (NOAA), National Geophysical Data Center (NGDC)</origin><pubdate>9/7/2001</pubdate><title>Coastal Relief Model, Volume 1 (U.S. Northeast Atlantic Coast), 2 (U.S. Southeast Atlantic Coast) and 3 (Florida and Eastern Gulf of Mexico)</title><edition>4.1</edition><onlink>http://www.ngdc.noaa.gov/mgg/coastal/coastal.html</onlink></citeinfo></crossref><browse><browsen>atl_grd.jpg</browsen><browsed>Image map showing extent of data layer coverage</browsed><browset>JPEG</browset></browse></idinfo><dataIdInfo><envirDesc Sync="TRUE">Microsoft Windows 2000 Version 5.1 (Build 2600) Service Pack 2; ESRI ArcCatalog 8.3.0.800</envirDesc><dataLang><languageCode Sync="TRUE" value="en"></languageCode></dataLang><idCitation><resTitle Sync="TRUE">atl_grd8bit.sid</resTitle><presForm><PresFormCd Sync="TRUE" value="005"></PresFormCd></presForm></idCitation><spatRpType><SpatRepTypCd Sync="TRUE" value="002"></SpatRepTypCd></spatRpType><geoBox esriExtentType="decdegrees"><westBL Sync="TRUE">-96.52609</westBL><eastBL Sync="TRUE">-84.223639</eastBL><northBL Sync="TRUE">30.907927</northBL><southBL Sync="TRUE">24.962118</southBL><exTypeCode Sync="TRUE">1</exTypeCode></geoBox><dataExt><geoEle><GeoBndBox esriExtentType="native"><westBL Sync="TRUE">-82</westBL><eastBL Sync="TRUE">-64.99828</eastBL><northBL Sync="TRUE">48.00194</northBL><southBL Sync="TRUE">24</southBL><exTypeCode Sync="TRUE">1</exTypeCode></GeoBndBox></geoEle></dataExt></dataIdInfo><metainfo><langmeta Sync="TRUE">en</langmeta><metstdn Sync="TRUE">FGDC Content Standards for Digital Geospatial Metadata</metstdn><metstdv Sync="TRUE">FGDC-STD-001-1998</metstdv><mettc Sync="TRUE">local time</mettc><metc><cntinfo><cntorgp><cntper>Jamey M. Reid</cntper><cntorg>U.S. Geological Surveuy</cntorg></cntorgp><cntaddr><addrtype>mailing and physical address</addrtype><city>Woods Hole</city><state>MA</state><postal>02543-1598</postal><address>Woods Hole Field Center</address><address>384 Woods Hole Road</address><country>USA</country></cntaddr><cntvoice>508-548-8700 x2204</cntvoice><cntpos>IT Specialist (Data Management)</cntpos><cntfax>508-457-2310</cntfax><cntemail>jreid@usgs.gov</cntemail></cntinfo></metc><metd Sync="TRUE">20050401</metd><metextns><onlink Sync="TRUE">http://www.esri.com/metadata/esriprof80.html</onlink><metprof Sync="TRUE">ESRI Metadata Profile</metprof></metextns><metac>None</metac><metuc>None</metuc></metainfo><mdLang><languageCode Sync="TRUE" value="en"></languageCode></mdLang><mdStanName Sync="TRUE">ISO 19115 Geographic Information - Metadata</mdStanName><mdStanVer Sync="TRUE">DIS_ESRI1.0</mdStanVer><mdChar><CharSetCd Sync="TRUE" value="004"></CharSetCd></mdChar><mdHrLv><ScopeCd Sync="TRUE" value="005"></ScopeCd></mdHrLv><mdHrLvName Sync="TRUE">dataset</mdHrLvName><distinfo><resdesc>Downloadable Data; Marine Aggregate Resources and Processes: atl_grd8bit.sid</resdesc><stdorder><digform><digtinfo><transize Sync="TRUE">2.361</transize><dssize Sync="TRUE">2.361</dssize><formname>Mr Sid</formname></digtinfo></digform></stdorder><distliab>Although this data set has been used by the U.S. Geological Survey (USGS), no warranty, expressed or implied, is made by the USGS as to the accuracy of the data and/or related materials.  The act of distribution shall not constitute any such warranty, and no responsibility is assumed by the USGS in the use of these data or related materials.

Trade, firm, or product names and other references to non-USGS products and services are provided for information only and do not constitute endorsement or warranty, express or implied, by the USGS, USDOI, or U.S. Government, as to their suitability, content, usefulness, functioning, completeness, or accuracy.
</distliab></distinfo><distInfo><distributor><distorTran><onLineSrc><orDesc Sync="TRUE">002</orDesc><linkage Sync="TRUE">file://\\JREID\EC_usSEABED\basemaps\atl_grd\atl_grd8bit.sid</linkage><protocol Sync="TRUE">Local Area Network</protocol></onLineSrc><transSize Sync="TRUE">2.361</transSize></distorTran><distorFormat><formatName Sync="TRUE">Raster Dataset</formatName></distorFormat></distributor></distInfo><spdoinfo><direct Sync="TRUE">Raster</direct><rastinfo><rasttype Sync="TRUE">Pixel</rasttype><rowcount Sync="TRUE">14459</rowcount><colcount Sync="TRUE">10242</colcount><rastxsz Sync="TRUE">0.001660</rastxsz><rastysz Sync="TRUE">0.001660</rastysz><rastbpp Sync="TRUE">8</rastbpp><vrtcount Sync="TRUE">1</vrtcount><rastorig Sync="TRUE">Upper Left</rastorig><rastcmap Sync="TRUE">FALSE</rastcmap><rastcomp Sync="TRUE">Wavelet</rastcomp><rastband Sync="TRUE">3</rastband><rastdtyp Sync="TRUE">pixel codes</rastdtyp><rastplyr Sync="TRUE">TRUE</rastplyr><rastifor Sync="TRUE">MrSID</rastifor></rastinfo></spdoinfo><spatRepInfo><GridSpatRep><numDims Sync="TRUE">2</numDims><axDimProps><Dimen><dimName><DimNameTypCd Sync="TRUE" value="002"></DimNameTypCd></dimName><dimSize Sync="TRUE">10242</dimSize><dimResol Sync="TRUE">0.00166</dimResol></Dimen><Dimen><dimName><DimNameTypCd Sync="TRUE" value="001"></DimNameTypCd></dimName><dimSize Sync="TRUE">14459</dimSize><dimResol Sync="TRUE">0.00166</dimResol></Dimen></axDimProps><cellGeo><CellGeoCd Sync="TRUE" value="002"></CellGeoCd></cellGeo><tranParaAv Sync="TRUE">1</tranParaAv></GridSpatRep></spatRepInfo><spref><horizsys><cordsysn><geogcsn Sync="TRUE">GCS_North_American_1983</geogcsn></cordsysn><geograph><geogunit Sync="TRUE">Decimal degrees</geogunit></geograph><geodetic><horizdn Sync="TRUE">North American Datum of 1983</horizdn><ellips Sync="TRUE">Geodetic Reference System 80</ellips><semiaxis Sync="TRUE">6378137.000000</semiaxis><denflat Sync="TRUE">298.257222</denflat></geodetic></horizsys></spref><eainfo><detailed Name="Band_1"><enttyp><enttypl Sync="TRUE">Band_1</enttypl><enttypt Sync="TRUE">Table</enttypt><enttypc Sync="TRUE">256</enttypc></enttyp><attr><attrlabl Sync="TRUE">ObjectID</attrlabl><attalias Sync="TRUE">ObjectID</attalias><attrtype Sync="TRUE">OID</attrtype><attwidth Sync="TRUE">4</attwidth><atprecis Sync="TRUE">0</atprecis><attscale Sync="TRUE">0</attscale><attrdef Sync="TRUE">Internal feature number.</attrdef><attrdefs Sync="TRUE">ESRI</attrdefs><attrdomv><udom Sync="TRUE">Sequential unique whole numbers that are automatically generated.</udom></attrdomv></attr><attr><attrlabl Sync="TRUE">Value</attrlabl><attalias Sync="TRUE">Value</attalias><attrtype Sync="TRUE">Integer</attrtype><attwidth Sync="TRUE">0</attwidth><atprecis Sync="TRUE">0</atprecis><attscale Sync="TRUE">0</attscale></attr><attr><attrlabl Sync="TRUE">Count</attrlabl><attalias Sync="TRUE">Count</attalias><attrtype Sync="TRUE">Integer</attrtype><attwidth Sync="TRUE">0</attwidth><atprecis Sync="TRUE">0</atprecis><attscale Sync="TRUE">0</attscale></attr></detailed><detailed Name="Band_2"><enttyp><enttypl Sync="TRUE">Band_2</enttypl><enttypt Sync="TRUE">Table</enttypt><enttypc Sync="TRUE">256</enttypc></enttyp><attr><attrlabl Sync="TRUE">ObjectID</attrlabl><attalias Sync="TRUE">ObjectID</attalias><attrtype Sync="TRUE">OID</attrtype><attwidth Sync="TRUE">4</attwidth><atprecis Sync="TRUE">0</atprecis><attscale Sync="TRUE">0</attscale><attrdef Sync="TRUE">Internal feature number.</attrdef><attrdefs Sync="TRUE">ESRI</attrdefs><attrdomv><udom Sync="TRUE">Sequential unique whole numbers that are automatically generated.</udom></attrdomv></attr><attr><attrlabl Sync="TRUE">Value</attrlabl><attalias Sync="TRUE">Value</attalias><attrtype Sync="TRUE">Integer</attrtype><attwidth Sync="TRUE">0</attwidth><atprecis Sync="TRUE">0</atprecis><attscale Sync="TRUE">0</attscale></attr><attr><attrlabl Sync="TRUE">Count</attrlabl><attalias Sync="TRUE">Count</attalias><attrtype Sync="TRUE">Integer</attrtype><attwidth Sync="TRUE">0</attwidth><atprecis Sync="TRUE">0</atprecis><attscale Sync="TRUE">0</attscale></attr></detailed><detailed Name="Band_3"><enttyp><enttypl Sync="TRUE">Band_3</enttypl><enttypt Sync="TRUE">Table</enttypt><enttypc Sync="TRUE">256</enttypc></enttyp><attr><attrlabl Sync="TRUE">ObjectID</attrlabl><attalias Sync="TRUE">ObjectID</attalias><attrtype Sync="TRUE">OID</attrtype><attwidth Sync="TRUE">4</attwidth><atprecis Sync="TRUE">0</atprecis><attscale Sync="TRUE">0</attscale><attrdef Sync="TRUE">Internal feature number.</attrdef><attrdefs Sync="TRUE">ESRI</attrdefs><attrdomv><udom Sync="TRUE">Sequential unique whole numbers that are automatically generated.</udom></attrdomv></attr><attr><attrlabl Sync="TRUE">Value</attrlabl><attalias Sync="TRUE">Value</attalias><attrtype Sync="TRUE">Integer</attrtype><attwidth Sync="TRUE">0</attwidth><atprecis Sync="TRUE">0</atprecis><attscale Sync="TRUE">0</attscale></attr><attr><attrlabl Sync="TRUE">Count</attrlabl><attalias Sync="TRUE">Count</attalias><attrtype Sync="TRUE">Integer</attrtype><attwidth Sync="TRUE">0</attwidth><atprecis Sync="TRUE">0</atprecis><attscale Sync="TRUE">0</attscale></attr></detailed></eainfo><mdDateSt Sync="TRUE">20050401</mdDateSt><dataqual><lineage><srcinfo><typesrc>CD-ROM</typesrc><srccite><citeinfo><title>Coastal Relief Model, U.S. Northeast Atlantic Coast, Vol 1</title></citeinfo></srccite><srccitea>NGDC CRM, U.S. Northeast Atlantic Coast, Vol 1</srccitea><srccontr>Vols 1, 2 and 3 were combined to create the raster grid of the East coast</srccontr></srcinfo><srcinfo><typesrc>CD-ROM</typesrc><srccite><citeinfo><title>Coastal Relief Model, U.S. Southeast Atlantic Coast, Vol 2</title></citeinfo></srccite><srccitea>NGDC CRM, U.S. Southeast Atlantic Coast, Vol 2</srccitea><srccontr>Vols 1, 2 and 3 were combined to create the raster grid of the East coast</srccontr></srcinfo><srcinfo><typesrc>CD-ROM</typesrc><srccite><citeinfo><title>Coastal Relief Model, Florida and Eastern Gulf of Mexico, Vol 3</title></citeinfo></srccite><srccitea>NGDC CRM, Florida and Eastern Gulf of Mexico, Vol 3</srccitea><srccontr>Vols 1, 2 and 3 were combined to create the raster grid of the East coast</srccontr></srcinfo><procstep><proccont><cntinfo><cntperp><cntper>Jamey M. Reid</cntper><cntorg>U.S. Geological Survey</cntorg></cntperp><cntaddr><addrtype>mailing and physical address</addrtype><address>384 Woods Hole Road</address><city>Woods Hole</city><state>MA</state><postal>02543-1598</postal><country>USA</country></cntaddr><cntvoice>508-548-8700 x2204</cntvoice><cntfax>508-457-2310</cntfax><cntemail>jreid@usgs.gov</cntemail><cntpos>IT Specialist (Data Management)</cntpos></cntinfo></proccont><procdesc>The desired data was extracted from the Coastal Relief Model volumes 1, 2 and 3 in the ESRI ASCII format.  The ASCII dataset was then converted to an ESRI grid file and combined to a single ESRI grid file.</procdesc><srcprod>atl_mrg</srcprod></procstep><procstep><proccont><cntinfo><cntaddr><address>Woods Hole Field Center</address><addrtype>mailing and physical address</addrtype><address>384 Woods Hole Road</address><city>Woods Hole</city><state>MA</state><postal>02543-1598</postal><country>USA</country></cntaddr><cntperp><cntper>VeeAnn Cross</cntper><cntorg>U.S. Geological Survey</cntorg></cntperp><cntvoice>508-548-8700 x2251</cntvoice><cntfax>508-457-2310</cntfax><cntemail>vatnipp@usgs.gov</cntemail></cntinfo></proccont><procdesc>The grid was downsampled from 90 m to 150 m.</procdesc><srcused>atl_mrg</srcused><srcprod>atl_mrg</srcprod></procstep><procstep><date Sync="TRUE">20050401</date><time Sync="TRUE">12455900</time><procdesc>The grid was converted to a tiff image using the extension image_convert_georef.avx downloaded from www.esri.com.  </procdesc><srcprod>atl_grd.tif</srcprod><srcprod>atl_grd.tfw</srcprod><srcused>atl_mrg</srcused></procstep><procstep><procdesc>The tiff image was converted to 8 bit using Photoshop CS in order to reduce the file size.</procdesc><srcprod>atl_grd8bit.tif</srcprod><srcprod>atl_grd8bit.tfw</srcprod><srcused>atl_grd.tif</srcused><srcused>atl_grd.tfw</srcused></procstep><procstep><procdesc>The tiff image was compressed using Lizardtech's Mr. Sid compression software.</procdesc><srcused>atl_grd8bit.tif</srcused><srcprod>atl_grd8bit.sid</srcprod><srcused>atl_grd8bit.tfw</srcused><srcprod>atl_grd8bit.sdw</srcprod></procstep></lineage></dataqual><refSysInfo><RefSystem><refSysID><identCode Sync="TRUE">GCS_North_American_1983</identCode></refSysID></RefSystem></refSysInfo></metadata>
