<?xml version="1.0"?>
<!--<!DOCTYPE metadata SYSTEM "http://www.esri.com/metadata/esriprof80.dtd">-->
<metadata xml:lang="en"><Esri><CreaDate>20121025</CreaDate><CreaTime>16383200</CreaTime><SyncOnce>FALSE</SyncOnce><SyncDate>20121024</SyncDate><SyncTime>12333800</SyncTime><ModDate>20121024</ModDate><ModTime>12333800</ModTime><DataProperties><lineage><Process ToolSource="C:\Program Files\ArcGIS\ArcToolbox\Toolboxes\Data Management Tools.tbx\Dissolve" Date="20120618" Time="163801">Dissolve Zones_0s "C:\GIS\Zone Maps\Zones_0s_Dissolve.shp" zone # MULTI_PART DISSOLVE_LINES</Process><Process ToolSource="C:\arcgis\ArcToolbox\Toolboxes\Data Management Tools.tbx\Append" Date="20121025" Time="163859">Append 'C:\Documents and Settings\H46636\Desktop\AHS Data\shapes\Atlanta_Zones.shp';'C:\Documents and Settings\H46636\Desktop\AHS Data\shapes\Birmingham_Zones.shp';'C:\Documents and Settings\H46636\Desktop\AHS Data\shapes\BuffaloZones.shp';'C:\Documents and Settings\H46636\Desktop\AHS Data\shapes\Charlotte_Zones.shp';'C:\Documents and Settings\H46636\Desktop\AHS Data\shapes\CincinnatiZones.shp';'C:\Documents and Settings\H46636\Desktop\AHS Data\shapes\ClevelandZones.shp';'C:\Documents and Settings\H46636\Desktop\AHS Data\shapes\ColumbusZones.shp';'C:\Documents and Settings\H46636\Desktop\AHS Data\shapes\Dallas90.shp';'C:\Documents and Settings\H46636\Desktop\AHS Data\shapes\Denver_Zones.shp';'C:\Documents and Settings\H46636\Desktop\AHS Data\shapes\FortWorth.shp';'C:\Documents and Settings\H46636\Desktop\AHS Data\shapes\Indianapolis_Zones.shp';'C:\Documents and Settings\H46636\Desktop\AHS Data\shapes\KansasCityZones.shp';'C:\Documents and Settings\H46636\Desktop\AHS Data\shapes\LosAngelesZones.shp';'C:\Documents and Settings\H46636\Desktop\AHS Data\shapes\Memphis_Zones.shp';'C:\Documents and Settings\H46636\Desktop\AHS Data\shapes\Milwaukee_Zones.shp';'C:\Documents and Settings\H46636\Desktop\AHS Data\shapes\NewOrleans_Zones.shp';'C:\Documents and Settings\H46636\Desktop\AHS Data\shapes\OaklandZones.shp';'C:\Documents and Settings\H46636\Desktop\AHS Data\shapes\Phoenix90.shp';'C:\Documents and Settings\H46636\Desktop\AHS Data\shapes\Pittsburgh_Zones.shp';'C:\Documents and Settings\H46636\Desktop\AHS Data\shapes\PortlandZones.shp';'C:\Documents and Settings\H46636\Desktop\AHS Data\shapes\ProvidenceZones.shp';'C:\Documents and Settings\H46636\Desktop\AHS Data\shapes\Riverside90.shp';'C:\Documents and Settings\H46636\Desktop\AHS Data\shapes\Sacramento_90.shp';'C:\Documents and Settings\H46636\Desktop\AHS Data\shapes\SaintLouisZones.shp';'C:\Documents and Settings\H46636\Desktop\AHS Data\shapes\San_Francisco_Zones.shp';'C:\Documents and Settings\H46636\Desktop\AHS Data\shapes\San_Jose_1990.shp';'C:\Documents and Settings\H46636\Desktop\AHS Data\shapes\SanDiego_Zones.shp';'C:\Documents and Settings\H46636\Desktop\AHS Data\shapes\VirginiaBeachZones.shp' AHS2011 TEST # # AHS2011</Process><Process ToolSource="c:\program files\arcgis\desktop10.1\ArcToolbox\Toolboxes\Data Management Tools.tbx\Rename" Date="20130122" Time="141217">Rename "C:\Users\H46636\Desktop\AHS Data\shapes\AHS2011.shp" "C:\Users\H46636\Desktop\AHS Data\shapes\AHS2011_Zones.shp" ShapeFile</Process><Process ToolSource="c:\program files\arcgis\desktop10.1\ArcToolbox\Toolboxes\Data Management Tools.tbx\DeleteFeatures" Date="20130222" Time="102756">DeleteFeatures AHS2011_Zones</Process><Process ToolSource="c:\program files\arcgis\desktop10.1\ArcToolbox\Toolboxes\Data Management Tools.tbx\Append" Date="20130222" Time="102853">Append Dallas_Final_2013;Memphis_Zones;VirginiaBeachZones AHS2011_Zones NO_TEST "zone "zone" true false false 19 Double 6 18 ,First,#,J:\REH\Surveys\AHS\Zones\Maps\2011\Dallas\Dallas_Final_2013.shp,zone,-1,-1,J:\REH\Surveys\AHS\Zones\Maps\2011\Memphis\Memphis_Zones.shp,zone,-1,-1,J:\REH\Surveys\AHS\Zones\Maps\2011\Virginia Beach\VirginiaBeachZones.shp,zone,-1,-1;SMSA "SMSA" true false false 4 Short 0 4 ,First,#,J:\REH\Surveys\AHS\Zones\Maps\2011\Dallas\Dallas_Final_2013.shp,SMSA,-1,-1,J:\REH\Surveys\AHS\Zones\Maps\2011\Memphis\Memphis_Zones.shp,SMSA,-1,-1,J:\REH\Surveys\AHS\Zones\Maps\2011\Virginia Beach\VirginiaBeachZones.shp,SMSA,-1,-1" #</Process><Process ToolSource="c:\program files\arcgis\desktop10.1\ArcToolbox\Toolboxes\Data Management Tools.tbx\CalculateField" Date="20130222" Time="103126">CalculateField AHS2011_Zones SMSA 4920 VB #</Process><Process ToolSource="c:\program files\arcgis\desktop10.1\ArcToolbox\Toolboxes\Data Management Tools.tbx\CalculateField" Date="20130222" Time="103148">CalculateField AHS2011_Zones SMSA 1920 VB #</Process></lineage></DataProperties><MetaID>{2684FE71-F163-49DE-86EF-078FE48479BF}</MetaID></Esri><idinfo><native Sync="TRUE">Microsoft Windows XP Version 5.1 (Build 2600) Service Pack 3; ESRI ArcCatalog 9.3.1.1850</native><descript><langdata Sync="TRUE">en</langdata><abstract>REQUIRED: A brief narrative summary of the data set.</abstract><purpose>REQUIRED: A summary of the intentions with which the data set was developed.</purpose></descript><citation><citeinfo><origin>REQUIRED: The name of an organization or individual that developed the data set.</origin><pubdate>REQUIRED: The date when the data set is published or otherwise made available for release.</pubdate><title Sync="TRUE">Anaheim</title><ftname Sync="TRUE">Anaheim</ftname><geoform Sync="TRUE">vector digital data</geoform><onlink Sync="TRUE">\\W-4D0A3A97D6BA4\C\Documents and Settings\H46636\Desktop\AHS Data\shapes\AHS2011</onlink></citeinfo></citation><timeperd><current>REQUIRED: The basis on which the time period of content information is determined.</current><timeinfo><sngdate><caldate>REQUIRED: The year (and optionally month, or month and day) for which the data set corresponds to the ground.</caldate></sngdate></timeinfo></timeperd><status><progress>REQUIRED: The state of the data set.</progress><update>REQUIRED: The frequency with which changes and additions are made to the data set after the initial data set is completed.</update></status><spdom><bounding><westbc Sync="TRUE">-118.163397</westbc><eastbc Sync="TRUE">-117.350421</eastbc><northbc Sync="TRUE">34.033589</northbc><southbc Sync="TRUE">33.310158</southbc></bounding><lboundng><leftbc Sync="TRUE">-2016209.935985</leftbc><rightbc Sync="TRUE">-1955379.024949</rightbc><bottombc Sync="TRUE">-234539.180734</bottombc><topbc Sync="TRUE">-165734.257877</topbc></lboundng></spdom><keywords><theme><themekt>REQUIRED: Reference to a formally registered thesaurus or a similar authoritative source of theme keywords.</themekt><themekey>REQUIRED: Common-use word or phrase used to describe the subject of the data set.</themekey></theme></keywords><accconst>REQUIRED: Restrictions and legal prerequisites for accessing the data set.</accconst><useconst>REQUIRED: Restrictions and legal prerequisites for using the data set after access is granted.</useconst><natvform Sync="TRUE">Shapefile</natvform></idinfo><dataIdInfo><envirDesc Sync="TRUE">Microsoft Windows XP Version 5.1 (Build 2600) Service Pack 3; ESRI ArcCatalog 9.3.1.1850</envirDesc><dataLang><languageCode Sync="TRUE" value="en"></languageCode></dataLang><idCitation><resTitle Sync="TRUE">Anaheim</resTitle><presForm><PresFormCd Sync="TRUE" value="005"></PresFormCd></presForm></idCitation><spatRpType><SpatRepTypCd Sync="TRUE" value="001"></SpatRepTypCd></spatRpType><dataExt><geoEle><GeoBndBox esriExtentType="native"><westBL Sync="TRUE">-2016209.935985</westBL><eastBL Sync="TRUE">-1955379.024949</eastBL><northBL Sync="TRUE">-165734.257877</northBL><southBL Sync="TRUE">-234539.180734</southBL><exTypeCode Sync="TRUE">1</exTypeCode></GeoBndBox></geoEle></dataExt><geoBox esriExtentType="decdegrees"><westBL Sync="TRUE">-118.163397</westBL><eastBL Sync="TRUE">-117.350421</eastBL><northBL Sync="TRUE">34.033589</northBL><southBL Sync="TRUE">33.310158</southBL><exTypeCode Sync="TRUE">1</exTypeCode></geoBox></dataIdInfo><metainfo><langmeta Sync="TRUE">en</langmeta><metstdn Sync="TRUE">FGDC Content Standards for Digital Geospatial Metadata</metstdn><metstdv Sync="TRUE">FGDC-STD-001-1998</metstdv><mettc Sync="TRUE">local time</mettc><metc><cntinfo><cntorgp><cntper>REQUIRED: The person responsible for the metadata information.</cntper><cntorg>REQUIRED: The organization responsible for the metadata information.</cntorg></cntorgp><cntaddr><addrtype>REQUIRED: The mailing and/or physical address for the organization or individual.</addrtype><city>REQUIRED: The city of the address.</city><state>REQUIRED: The state or province of the address.</state><postal>REQUIRED: The ZIP or other postal code of the address.</postal></cntaddr><cntvoice>REQUIRED: The telephone number by which individuals can speak to the organization or individual.</cntvoice></cntinfo></metc><metd Sync="TRUE">20121024</metd><metextns><onlink Sync="TRUE">http://www.esri.com/metadata/esriprof80.html</onlink><metprof Sync="TRUE">ESRI Metadata Profile</metprof></metextns></metainfo><mdLang><languageCode Sync="TRUE" value="en"></languageCode></mdLang><mdStanName Sync="TRUE">ISO 19115 Geographic Information - Metadata</mdStanName><mdStanVer Sync="TRUE">DIS_ESRI1.0</mdStanVer><mdChar><CharSetCd Sync="TRUE" value="004"></CharSetCd></mdChar><mdHrLv><ScopeCd Sync="TRUE" value="005"></ScopeCd></mdHrLv><mdHrLvName Sync="TRUE">dataset</mdHrLvName><distinfo><resdesc Sync="TRUE">Downloadable Data</resdesc><stdorder><digform><digtinfo><transize Sync="TRUE">0.117</transize><dssize Sync="TRUE">0.117</dssize></digtinfo></digform></stdorder></distinfo><distInfo><distributor><distorTran><onLineSrc><orDesc Sync="TRUE">002</orDesc><linkage Sync="TRUE">file://\\W-4D0A3A97D6BA4\C\Documents and Settings\H46636\Desktop\AHS Data\shapes\AHS2011</linkage><protocol Sync="TRUE">Local Area Network</protocol></onLineSrc><transSize Sync="TRUE">0.117</transSize></distorTran><distorFormat><formatName Sync="TRUE">Shapefile</formatName></distorFormat></distributor></distInfo><spdoinfo><direct Sync="TRUE">Vector</direct><ptvctinf><esriterm Name="Anaheim"><efeatyp Sync="TRUE">Simple</efeatyp><efeageom Sync="TRUE">Polygon</efeageom><esritopo Sync="TRUE">FALSE</esritopo><efeacnt Sync="TRUE">12</efeacnt><spindex Sync="TRUE">TRUE</spindex><linrefer Sync="TRUE">FALSE</linrefer></esriterm><sdtsterm Name="Anaheim"><sdtstype Sync="TRUE">G-polygon</sdtstype><ptvctcnt Sync="TRUE">12</ptvctcnt></sdtsterm></ptvctinf></spdoinfo><spref><horizsys><cordsysn><geogcsn Sync="TRUE">GCS_North_American_1983</geogcsn><projcsn Sync="TRUE">USA_Contiguous_Albers_Equal_Area_Conic</projcsn></cordsysn><planar><planci><plance Sync="TRUE">coordinate pair</plance><plandu Sync="TRUE">meters</plandu><coordrep><absres Sync="TRUE">0.000000</absres><ordres Sync="TRUE">0.000000</ordres></coordrep></planci><mapproj><mapprojn Sync="TRUE">Albers Conical Equal Area</mapprojn><albers><stdparll Sync="TRUE">29.500000</stdparll><stdparll Sync="TRUE">45.500000</stdparll><longcm Sync="TRUE">-96.000000</longcm><latprjo Sync="TRUE">37.500000</latprjo><feast Sync="TRUE">0.000000</feast><fnorth Sync="TRUE">0.000000</fnorth></albers></mapproj></planar><geodetic><horizdn Sync="TRUE">North American Datum of 1983</horizdn><ellips Sync="TRUE">Geodetic Reference System 80</ellips><semiaxis Sync="TRUE">6378137.000000</semiaxis><denflat Sync="TRUE">298.257222</denflat></geodetic></horizsys></spref><refSysInfo><RefSystem><refSysID><identCode Sync="TRUE">USA_Contiguous_Albers_Equal_Area_Conic</identCode></refSysID></RefSystem></refSysInfo><spatRepInfo><VectSpatRep><topLvl><TopoLevCd Sync="TRUE" value="001"></TopoLevCd></topLvl><geometObjs Name="Anaheim"><geoObjTyp><GeoObjTypCd Sync="TRUE" value="001"></GeoObjTypCd></geoObjTyp><geoObjCnt Sync="TRUE">12</geoObjCnt></geometObjs></VectSpatRep></spatRepInfo><eainfo><detailed Name="Anaheim"><enttyp><enttypl Sync="TRUE">Anaheim</enttypl><enttypt Sync="TRUE">Feature Class</enttypt><enttypc Sync="TRUE">12</enttypc></enttyp><attr><attrlabl Sync="TRUE">FID</attrlabl><attalias Sync="TRUE">FID</attalias><attrtype Sync="TRUE">OID</attrtype><attwidth Sync="TRUE">4</attwidth><atprecis Sync="TRUE">0</atprecis><attscale Sync="TRUE">0</attscale><attrdef Sync="TRUE">Internal feature number.</attrdef><attrdefs Sync="TRUE">ESRI</attrdefs><attrdomv><udom Sync="TRUE">Sequential unique whole numbers that are automatically generated.</udom></attrdomv></attr><attr><attrlabl Sync="TRUE">Shape</attrlabl><attalias Sync="TRUE">Shape</attalias><attrtype Sync="TRUE">Geometry</attrtype><attwidth Sync="TRUE">0</attwidth><atprecis Sync="TRUE">0</atprecis><attscale Sync="TRUE">0</attscale><attrdef Sync="TRUE">Feature geometry.</attrdef><attrdefs Sync="TRUE">ESRI</attrdefs><attrdomv><udom Sync="TRUE">Coordinates defining the features.</udom></attrdomv></attr><attr><attrlabl Sync="TRUE">zone</attrlabl><attalias Sync="TRUE">zone</attalias><attrtype Sync="TRUE">Number</attrtype><attwidth Sync="TRUE">19</attwidth><atnumdec Sync="TRUE">6</atnumdec></attr></detailed></eainfo><mdDateSt Sync="TRUE">20121024</mdDateSt><dataqual><lineage><procstep><procdesc Sync="TRUE">Dataset copied.</procdesc><srcused Sync="TRUE"></srcused><procdate Sync="TRUE">20120618</procdate><proctime Sync="TRUE">16431000</proctime></procstep><procstep><procdesc Sync="TRUE">Dataset copied.</procdesc><srcused Sync="TRUE">C:\Documents and Settings\H46636\Desktop\AHS Data\shapes\Anaheim</srcused><procdate Sync="TRUE">20121025</procdate><proctime Sync="TRUE">16383200</proctime></procstep></lineage></dataqual></metadata>
